cluster_index,100track
0,497:0.17505866289138794 537:0.15904542803764343 5455:0.15040931105613708 3757:0.14506812393665314 3824:0.1443268209695816 3707:0.14419573545455933 954:0.1434706747531891 824:0.1432161182165146 5515:0.14073441922664642 4163:0.13998004794120789 4260:0.1394226998090744 1033:0.13938643038272858 4266:0.13848239183425903 727:0.13750407099723816 4196:0.13736924529075623 3756:0.13672369718551636 3805:0.13615629076957703 4392:0.13462568819522858 4496:0.13423819839954376 5419:0.1328319013118744 3706:0.1326405107975006 3708:0.13233636319637299 5426:0.130821093916893 4488:0.1304379403591156 3392:0.1302233785390854 3393:0.1297266036272049 1032:0.12966184318065643 939:0.12908275425434113 5456:0.128598153591156 4430:0.12843355536460876 5427:0.12830616533756256 4339:0.1281600445508957 3818:0.1281452625989914 3795:0.12804557383060455 5421:0.12770941853523254 4341:0.12754538655281067 4598:0.12727022171020508 4442:0.1272488832473755 3284:0.1271800696849823 4622:0.127123162150383 3778:0.12680937349796295 5672:0.12678933143615723 3793:0.12673042714595795 3705:0.1265850067138672 3439:0.12641847133636475 3436:0.1261902153491974 5430:0.12601010501384735 5457:0.12599197030067444 4058:0.12596707046031952 5453:0.1257726103067398 3738:0.12554821372032166 3385:0.12522195279598236 4359:0.12507691979408264 4304:0.12474682182073593 3305:0.12417667359113693 4483:0.12408813834190369 3648:0.12408600747585297 545:0.12356965243816376 4217:0.12353002279996872 3490:0.1234341636300087 5418:0.12336553633213043 3777:0.1227826178073883 5432:0.12277796119451523 5587:0.12270919233560562 3794:0.12255958467721939 5596:0.12251348048448563 5433:0.12223552912473679 3410:0.12216558307409286 3979:0.12199566513299942 4063:0.12198729068040848 5592:0.12196116149425507 5593:0.12181086838245392 3710:0.12137727439403534 3669:0.12134967744350433 4293:0.12110207974910736 3304:0.12109461426734924 4091:0.12103807926177979 3555:0.1209387555718422 3394:0.12093434482812881 3907:0.12081649154424667 3391:0.12070579081773758 4630:0.12065330147743225 929:0.12054122239351273 4490:0.12035132944583893 3440:0.12026316672563553 3380:0.12023261189460754 3693:0.12021684646606445 3589:0.12019145488739014 4360:0.12008071690797806 4621:0.11988980323076248 5673:0.11979129165410995 4305:0.11973683536052704 153:0.11967550218105316 3786:0.11965387314558029 4394:0.1195727214217186 4385:0.11954019218683243 4195:0.11950773000717163 4482:0.11944369226694107 956:0.11941241472959518 5514:0.11934977024793625
1,5923:0.6072442531585693 4662:0.5730651617050171 1166:0.551080048084259 5255:0.5434961915016174 539:0.5336421132087708 5939:0.5052217245101929 5937:0.49876564741134644 5736:0.49834588170051575 1893:0.4882802367210388 5954:0.48438724875450134 5490:0.4775732159614563 4982:0.47605258226394653 5311:0.46417516469955444 5345:0.46338599920272827 5853:0.44895753264427185 1029:0.4466657340526581 4990:0.44258347153663635 5341:0.44072094559669495 4856:0.43937769532203674 5017:0.4358447194099426 5797:0.4307555854320526 1768:0.4303129017353058 5256:0.42888981103897095 1537:0.42790237069129944 5467:0.42720919847488403 5140:0.42383381724357605 1156:0.4233523905277252 1285:0.4184149205684662 1663:0.41488829255104065 1777:0.4106888771057129 4836:0.40763604640960693 5339:0.4060480296611786 5789:0.40433645248413086 5315:0.4033624529838562 5036:0.4031919538974762 1409:0.401836097240448 6088:0.4018203020095825 4987:0.3955530524253845 1288:0.39348840713500977 1080:0.3888261318206787 1628:0.387206494808197 4852:0.38639330863952637 4287:0.3835514187812805 5314:0.3830421566963196 5039:0.3829041123390198 5978:0.3823915719985962 4855:0.3818621337413788 5343:0.3769546449184418 5925:0.3769088089466095 5508:0.37690553069114685 1514:0.3750346302986145 5842:0.3747149407863617 1656:0.3743734657764435 730:0.37295418977737427 1547:0.3678525388240814 5958:0.36714163422584534 1805:0.3650130331516266 1249:0.3641968369483948 5218:0.3635028302669525 5845:0.36135056614875793 5016:0.35918062925338745 4918:0.3591771125793457 1470:0.356188029050827 1235:0.35537365078926086 4766:0.3551155626773834 4049:0.35401150584220886 1894:0.3536814749240875 4995:0.3536726236343384 5322:0.35127854347229004 4996:0.3497879207134247 1369:0.3488641381263733 5843:0.3481089174747467 5362:0.3473512828350067 1019:0.34635716676712036 1165:0.34619423747062683 1443:0.34292110800743103 5962:0.3418480157852173 5146:0.3411518931388855 1920:0.34035006165504456 1871:0.3382778465747833 1580:0.3378775715827942 5829:0.33719345927238464 5472:0.33591681718826294 6072:0.3351629972457886 5993:0.3347797989845276 4789:0.33391764760017395 5844:0.33249005675315857 1241:0.332485556602478 1873:0.3309844136238098 4241:0.32953983545303345 5502:0.32871013879776 1807:0.3276776373386383 1412:0.32748737931251526 5738:0.32683733105659485 1361:0.3267437517642975 1056:0.3264557719230652 6064:0.3236430585384369 5875:0.32161515951156616 5466:0.32129621505737305 5469:0.3195386528968811
2,1657:0.9405723214149475 1658:0.8917971253395081 6065:0.8910175561904907 5312:0.8875367641448975 1639:0.8851953148841858 5040:0.8747773766517639 5349:0.8565546870231628 5137:0.8480868339538574 6041:0.8436354994773865 1068:0.8271629214286804 1655:0.8265050649642944 1546:0.8231536149978638 6043:0.8216490149497986 5805:0.8189042806625366 5786:0.8151805996894836 4660:0.8132703304290771 5952:0.8071793913841248 4997:0.803390622138977 5044:0.7943510413169861 5470:0.7932752370834351 4832:0.7930455803871155 4771:0.7909427285194397 5346:0.7898682951927185 5130:0.7882441878318787 5304:0.7859976887702942 5252:0.7848730087280273 946:0.7799298167228699 1364:0.7799021005630493 5367:0.7783954739570618 5737:0.7762787938117981 1466:0.7710856795310974 4862:0.7703995704650879 1619:0.7698472738265991 5859:0.7670332789421082 1804:0.7596091628074646 4765:0.7588533163070679 4957:0.7563568949699402 5323:0.7544108033180237 5356:0.7543534636497498 1248:0.7524600028991699 5309:0.751476526260376 1524:0.7513615489006042 5329:0.7489246129989624 533:0.7462828159332275 5832:0.7449894547462463 4919:0.7408528923988342 6042:0.7378389835357666 4983:0.7377967238426208 1274:0.7369358539581299 5851:0.7287217378616333 1444:0.7287086844444275 1634:0.7268849611282349 1317:0.7267094850540161 5861:0.7254921793937683 5938:0.7239652872085571 947:0.7229973673820496 379:0.7213050127029419 5283:0.7168164253234863 6096:0.7151755690574646 6095:0.7101567387580872 5787:0.709337055683136 4998:0.7081957459449768 1637:0.7064083814620972 4815:0.7050449252128601 1661:0.7009044885635376 1669:0.6997837424278259 5121:0.6951428651809692 5957:0.6938295960426331 5792:0.6916912794113159 1819:0.6899131536483765 1860:0.6887183785438538 4912:0.685881495475769 5984:0.6856597065925598 4727:0.6855043172836304 5344:0.6854693293571472 4954:0.6809718608856201 1543:0.680690586566925 4945:0.6786403656005859 5189:0.6764764785766602 5959:0.6760717034339905 6089:0.6748765110969543 5897:0.6720272302627563 1272:0.6709892749786377 4770:0.6701974868774414 5788:0.6680368781089783 1815:0.6672269105911255 1123:0.6666396856307983 6098:0.6661139130592346 5366:0.6656343340873718 5007:0.665330708026886 5326:0.6651625633239746 1206:0.6651105284690857 5037:0.6641207933425903 1858:0.6640442609786987 5290:0.6636971831321716 6097:0.6616396307945251 1811:0.6609179377555847 5956:0.6598168015480042 5317:0.6590654850006104 1126:0.6573819518089294
3,5435:0.19829806685447693 4579:0.1976158171892166 5597:0.19388459622859955 4264:0.1929149031639099 4199:0.1916351169347763 3818:0.18955346941947937 4265:0.18862952291965485 5591:0.18655547499656677 5599:0.18638527393341064 3373:0.18630477786064148 5434:0.18396511673927307 4034:0.1825176626443863 4319:0.182486429810524 3826:0.18173883855342865 4591:0.1817300021648407 4030:0.18125148117542267 968:0.18001200258731842 3308:0.1790866106748581 4166:0.17775163054466248 4057:0.17661987245082855 3977:0.17595802247524261 3776:0.17563939094543457 4213:0.1754838228225708 4237:0.1751520037651062 3765:0.17496876418590546 4056:0.17490661144256592 3283:0.17445498704910278 4351:0.1742284893989563 4560:0.1740858256816864 4507:0.17370954155921936 5596:0.17367632687091827 4239:0.17326697707176208 4580:0.17254206538200378 3885:0.17236973345279694 3374:0.17184804379940033 3825:0.17171165347099304 5589:0.1711285561323166 4597:0.1711033135652542 3438:0.17088082432746887 5731:0.17014390230178833 4602:0.17013441026210785 3954:0.1697334349155426 4599:0.16918349266052246 3978:0.16895529627799988 4318:0.1685650646686554 3817:0.16832734644412994 3233:0.16816669702529907 5578:0.16731546819210052 4389:0.16723589599132538 4332:0.1671760380268097 4198:0.16700230538845062 3764:0.16654105484485626 4388:0.1665363758802414 5580:0.16640523076057434 3437:0.16624274849891663 3888:0.1652713119983673 3309:0.16482101380825043 3435:0.16462570428848267 4448:0.16446173191070557 4338:0.16432960331439972 210:0.16417798399925232 3372:0.16391313076019287 3465:0.16366668045520782 3816:0.16365419328212738 3311:0.1636268049478531 3777:0.1624988466501236 5593:0.16223502159118652 4339:0.16210927069187164 3314:0.16200260818004608 5588:0.16178488731384277 4387:0.16159707307815552 3886:0.16119128465652466 5598:0.1610044687986374 3953:0.16096584498882294 5594:0.1609613299369812 4165:0.1603059470653534 3393:0.16018569469451904 4047:0.16009952127933502 5433:0.15993456542491913 3775:0.15982767939567566 4029:0.15969039499759674 4506:0.15929165482521057 3756:0.1591944545507431 4578:0.1588667929172516 4317:0.15886102616786957 4214:0.15877941250801086 4333:0.15876583755016327 4359:0.15863484144210815 3555:0.158535897731781 4394:0.15824943780899048 4154:0.1579659879207611 3258:0.1579350233078003 3820:0.15784534811973572 4055:0.1577812135219574 5678:0.1575135737657547 3379:0.1568293571472168 3248:0.15639114379882812 4219:0.15628743171691895 5595:0.1561904400587082 4598:0.15616753697395325
4,954:0.1775643527507782 3824:0.17649056017398834 4266:0.1629551500082016 727:0.1614534705877304 992:0.15803857147693634 4905:0.15567666292190552 4392:0.1538291871547699 427:0.15082809329032898 625:0.14984305202960968 1032:0.14928314089775085 4260:0.14633052051067352 746:0.1411392241716385 3707:0.13707329332828522 256:0.134099543094635 3815:0.1338847279548645 5421:0.13320469856262207 3807:0.13299401104450226 3805:0.13279816508293152 497:0.13157951831817627 4442:0.13140152394771576 5515:0.13105911016464233 5419:0.1304849237203598 824:0.13044103980064392 3608:0.1302029937505722 4163:0.13009002804756165 5456:0.1297813355922699 3979:0.12855736911296844 939:0.12800396978855133 5735:0.12743324041366577 4058:0.1272965520620346 5444:0.1272043138742447 224:0.12690822780132294 4629:0.12680649757385254 959:0.1267324835062027 4430:0.12581393122673035 5420:0.12552471458911896 3235:0.12524433434009552 915:0.1249336302280426 4423:0.12472876161336899 4048:0.12464265525341034 797:0.12440472096204758 3796:0.12417344003915787 979:0.12387020140886307 1033:0.12292377650737762 3509:0.12228812277317047 4252:0.12204164266586304 537:0.1218629702925682 5463:0.12097331136465073 5376:0.12077414989471436 4212:0.12015121430158615 3806:0.1190265342593193 956:0.11902648210525513 3790:0.11901752650737762 988:0.11896009743213654 977:0.11875379830598831 827:0.1186474934220314 79:0.11864370852708817 3708:0.11833661794662476 184:0.11826436221599579 729:0.118061862885952 3532:0.11734281480312347 4267:0.11685065180063248 3389:0.11664492636919022 4306:0.1166083887219429 3378:0.11649559438228607 3305:0.11609503626823425 4285:0.11599735170602798 4487:0.11590538173913956 545:0.11470246315002441 317:0.11467282474040985 3385:0.11457319557666779 5418:0.1145634651184082 999:0.11417007446289062 995:0.11416003853082657 456:0.11359792202711105 652:0.11342719197273254 3284:0.11321345716714859 4496:0.11318103969097137 3849:0.11317288875579834 927:0.11288249492645264 5514:0.1128058061003685 419:0.11272097378969193 4383:0.11270897090435028 3455:0.11262566596269608 3531:0.11245197802782059 5673:0.1122722178697586 5035:0.11226600408554077 3787:0.11219605803489685 5560:0.11218160390853882 3710:0.11211913824081421 4488:0.11211411654949188 3392:0.11158248037099838 3905:0.11154299974441528 3492:0.11149618774652481 3562:0.11143774539232254 4603:0.11132480204105377 3814:0.11124525219202042 5430:0.11119706183671951 3307:0.11115425825119019 435:0.11114323884248734
5,915:0.28763577342033386 977:0.2842864990234375 992:0.24499720335006714 729:0.2399812638759613 427:0.22204476594924927 4905:0.20207571983337402 256:0.18289083242416382 3807:0.18245577812194824 979:0.17720620334148407 625:0.17056892812252045 5280:0.17034535109996796 1918:0.1668490469455719 5035:0.15944494307041168 5049:0.15745429694652557 3823:0.15343816578388214 999:0.15081727504730225 224:0.14869172871112823 4212:0.14545297622680664 4252:0.14475496113300323 826:0.1431397646665573 746:0.1426539570093155 954:0.14240865409374237 3824:0.14123229682445526 5497:0.140466570854187 4048:0.13932013511657715 4266:0.13649316132068634 727:0.1362837702035904 1032:0.13593998551368713 3815:0.13500486314296722 5884:0.13472647964954376 1396:0.13452081382274628 4629:0.13408806920051575 797:0.13382111489772797 4392:0.1334134191274643 718:0.13338476419448853 4423:0.13305328786373138 5444:0.132920041680336 4286:0.1322634369134903 3796:0.13101157546043396 5351:0.13093885779380798 4760:0.13071855902671814 289:0.13069309294223785 851:0.13032343983650208 3608:0.12893450260162354 5463:0.12569324672222137 426:0.12457068264484406 666:0.12412984669208527 959:0.12301107496023178 5735:0.12298755347728729 170:0.12270902842283249 1531:0.12240252643823624 723:0.12228833884000778 6001:0.12198272347450256 163:0.12186797708272934 3509:0.12186244875192642 5101:0.12179802358150482 184:0.12150084227323532 1856:0.12070220708847046 3531:0.1199881061911583 933:0.1197790652513504 335:0.11961692571640015 4267:0.11945444345474243 3532:0.11935088783502579 988:0.11910642683506012 5846:0.1191028356552124 4484:0.11866725981235504 4285:0.1185780018568039 79:0.11823765933513641 864:0.1182183101773262 5420:0.11804977804422379 3979:0.11782121658325195 3235:0.11739183962345123 4424:0.11708184331655502 5421:0.11694826185703278 5174:0.11649467051029205 4260:0.11637713760137558 3814:0.11634939163923264 5560:0.11631755530834198 135:0.11611825972795486 3790:0.115428626537323 3806:0.1153329536318779 4603:0.11489511281251907 4442:0.11453952640295029 3813:0.11427327990531921 349:0.11417602747678757 3797:0.11417485773563385 5746:0.11372435837984085 852:0.1135648712515831 1004:0.11354805529117584 3934:0.11344852298498154 3788:0.11330313235521317 351:0.11321286112070084 5911:0.11294518411159515 995:0.1129411980509758 273:0.11268394440412521 5376:0.11263470351696014 4818:0.11251802742481232 3458:0.11226513236761093 803:0.11217276751995087 927:0.112009197473526
6,3055:0.9997846484184265 3185:0.9971166253089905 2460:0.9962020516395569 3015:0.9960128664970398 2820:0.9958105683326721 2404:0.9956709146499634 1345:0.9955419898033142 3143:0.9942898154258728 2776:0.9941118955612183 1728:0.9932664036750793 2870:0.9932158589363098 2891:0.9931653738021851 1347:0.9927477240562439 2914:0.9922062158584595 2317:0.9921465516090393 2031:0.9920728206634521 2433:0.9918422698974609 3086:0.991148054599762 2740:0.9903444051742554 1793:0.9900935888290405 2849:0.9899599552154541 3116:0.9898825287818909 3059:0.9897062182426453 2944:0.9894675612449646 2338:0.9894453883171082 2610:0.9894400238990784 3067:0.989381730556488 3172:0.9889793395996094 1730:0.9887246489524841 2007:0.9884665608406067 2661:0.988251268863678 1926:0.9881284236907959 2876:0.9873590469360352 2213:0.9872420430183411 1767:0.9870542287826538 2578:0.9869415163993835 801:0.9869021773338318 2873:0.9868809580802917 2463:0.9868764877319336 3160:0.9868289232254028 2398:0.9866752624511719 3147:0.9861686825752258 2846:0.9858769774436951 2424:0.985687792301178 1749:0.9855912923812866 2597:0.9855489730834961 1145:0.9855285882949829 1881:0.9851446747779846 1753:0.9850907325744629 2895:0.9847509860992432 3154:0.984713077545166 2332:0.9840769171714783 1297:0.9840489029884338 2064:0.9839990735054016 2441:0.9837697148323059 3158:0.9837019443511963 1941:0.9836514592170715 2005:0.9836023449897766 2057:0.9835736751556396 2875:0.9835534691810608 2411:0.9833453893661499 3058:0.9832112193107605 2588:0.9830797910690308 2797:0.9827466011047363 2417:0.9826887249946594 3054:0.9826200008392334 2437:0.9822663068771362 2693:0.9822508096694946 2397:0.9820349812507629 3180:0.9813768267631531 1335:0.9812052845954895 2910:0.9810006022453308 2316:0.9805746078491211 2478:0.9805408120155334 2911:0.9804990887641907 2562:0.9803625345230103 2377:0.980149507522583 2310:0.9800105690956116 2568:0.9799052476882935 2723:0.9798751473426819 1756:0.9798076152801514 3123:0.9796668291091919 2476:0.9795310497283936 4724:0.9794650077819824 2272:0.9792784452438354 794:0.9791637659072876 3033:0.9789758920669556 3119:0.9786232113838196 1328:0.9784889221191406 1320:0.9784403443336487 2794:0.9782898426055908 2393:0.9781947135925293 2563:0.9780436158180237 1059:0.9778652191162109 1070:0.9777845740318298 1404:0.9776645302772522 2879:0.9773532152175903 1714:0.9772397875785828 1601:0.976900577545166 2080:0.9766854643821716
7,977:0.3121340274810791 915:0.310271292924881 729:0.2610766589641571 992:0.24545900523662567 427:0.22470436990261078 4905:0.20147117972373962 5280:0.19551238417625427 256:0.1869049370288849 3807:0.18675315380096436 979:0.18340152502059937 1918:0.17819757759571075 3823:0.16929171979427338 5049:0.16927458345890045 625:0.16883812844753265 5035:0.1657632291316986 999:0.15521731972694397 224:0.14980566501617432 4212:0.14760449528694153 826:0.14709343016147614 4252:0.14639216661453247 5497:0.14583545923233032 5884:0.1453431099653244 1396:0.14458000659942627 5351:0.14322923123836517 746:0.14003358781337738 4048:0.13967037200927734 718:0.13736775517463684 4760:0.13723888993263245 851:0.1368253082036972 289:0.13527774810791016 4286:0.13526561856269836 797:0.13351362943649292 4629:0.13331805169582367 954:0.1329488605260849 3815:0.13286073505878448 4423:0.13260430097579956 3824:0.13204754889011383 5444:0.1319844126701355 426:0.1316106766462326 5846:0.13146500289440155 1531:0.13123798370361328 1032:0.13106486201286316 1856:0.1307198405265808 3796:0.13043059408664703 163:0.13014164566993713 5101:0.129338800907135 727:0.12910528481006622 4266:0.1290981024503708 933:0.12828175723552704 723:0.12812939286231995 4392:0.12752705812454224 3608:0.1269502341747284 666:0.12693046033382416 5174:0.12617658078670502 170:0.12609463930130005 5463:0.12504765391349792 6001:0.12478317320346832 335:0.1247808113694191 4424:0.12162873148918152 959:0.12091106176376343 184:0.1208362951874733 864:0.12081992626190186 5735:0.12080647051334381 3509:0.12052957713603973 3531:0.12017514556646347 5911:0.11988543719053268 4484:0.11897090822458267 4267:0.11877302825450897 3532:0.11859999597072601 994:0.11839322745800018 1551:0.11821261048316956 1015:0.1180712953209877 5746:0.11801478266716003 988:0.1180083230137825 4285:0.11794568598270416 3797:0.11788196861743927 79:0.11710208654403687 135:0.11644869297742844 3814:0.11628586053848267 5560:0.116077721118927 3934:0.11601122468709946 4846:0.11585959792137146 5420:0.11572711169719696 3458:0.1154102012515068 852:0.1153944656252861 685:0.11515101790428162 349:0.11511806398630142 3235:0.11500723659992218 3979:0.1148969754576683 4603:0.1146295890212059 3813:0.11450529098510742 4818:0.11439383774995804 1004:0.11400045454502106 3790:0.11391253769397736 3788:0.11383870244026184 3806:0.11380808055400848 521:0.1136176735162735 562:0.11359932273626328 273:0.11340365558862686 803:0.11339330673217773
8,5435:0.2053457796573639 4579:0.20475810766220093 5597:0.19994895160198212 4199:0.19738085567951202 4264:0.19599804282188416 5599:0.19178573787212372 5591:0.19115516543388367 3373:0.1901484578847885 4265:0.18999657034873962 5434:0.18798300623893738 3818:0.1875438541173935 4034:0.1875341236591339 4319:0.18714162707328796 4591:0.1862722933292389 3826:0.18480117619037628 4030:0.1846419721841812 3308:0.18229839205741882 968:0.18215227127075195 4166:0.1815904974937439 3776:0.179228737950325 4057:0.1790362149477005 3765:0.17901551723480225 4237:0.17888414859771729 4056:0.1785251796245575 4213:0.17830148339271545 4560:0.1779765486717224 3283:0.17787060141563416 3977:0.1775987446308136 4507:0.17711319029331207 4351:0.17693264782428741 4239:0.1755940169095993 3885:0.17536364495754242 4580:0.17521443963050842 5596:0.17467214167118073 4597:0.1746176779270172 3825:0.17437238991260529 5589:0.1741948127746582 3374:0.17390120029449463 4602:0.1733512133359909 5731:0.17334292829036713 3438:0.17284539341926575 3954:0.17283697426319122 4599:0.17219144105911255 3978:0.1721103936433792 4318:0.1720397174358368 3817:0.17122261226177216 3233:0.17111627757549286 5578:0.1706029623746872 4389:0.1704915165901184 4332:0.170480877161026 3764:0.16962307691574097 4198:0.16953398287296295 5580:0.16948935389518738 4388:0.16941013932228088 3437:0.16807341575622559 3888:0.16756051778793335 4448:0.1671018749475479 3372:0.16694635152816772 4338:0.16690872609615326 3309:0.16671961545944214 3435:0.16640058159828186 3816:0.16621194779872894 210:0.16585515439510345 3311:0.165763720870018 3465:0.16528354585170746 4387:0.16420146822929382 3314:0.16392211616039276 3953:0.16369320452213287 5598:0.16366267204284668 3777:0.16344068944454193 5588:0.16336432099342346 3886:0.1630643606185913 5593:0.16295044124126434 5594:0.1626163274049759 4047:0.16254973411560059 4165:0.16249947249889374 3775:0.16233283281326294 4339:0.1620689183473587 4333:0.16135172545909882 4029:0.16123884916305542 4578:0.1610369235277176 4506:0.16086407005786896 4317:0.1608315408229828 3393:0.16079315543174744 4214:0.16069579124450684 5433:0.1605958342552185 4055:0.16025429964065552 3258:0.16018229722976685 5678:0.15997684001922607 4154:0.1599503457546234 4394:0.15959930419921875 3820:0.15956690907478333 3555:0.15932796895503998 4359:0.1590237319469452 3756:0.15862010419368744 3248:0.15839152038097382 4219:0.1582614630460739 3379:0.15815141797065735 5595:0.15794479846954346 4077:0.15788079798221588
9,5486:0.684038519859314 1451:0.6174004673957825 5004:0.5346559882164001 5955:0.5299637913703918 6093:0.5150108933448792 5006:0.49681541323661804 4856:0.4899035394191742 3192:0.47955426573753357 5993:0.46443888545036316 1777:0.4628995656967163 5794:0.4604329466819763 5958:0.4579097628593445 5218:0.4573045074939728 4994:0.44831693172454834 5736:0.4441912770271301 5954:0.4414277672767639 1656:0.44131824374198914 5800:0.4412280023097992 4990:0.44079145789146423 1652:0.4399537742137909 5002:0.4389045834541321 4982:0.43783077597618103 1805:0.4377473294734955 4996:0.4377421736717224 1019:0.43751245737075806 4986:0.43139517307281494 5219:0.43097496032714844 1470:0.43074357509613037 4980:0.42884117364883423 1241:0.4263359010219574 1056:0.425441175699234 5016:0.4211326539516449 5017:0.41464799642562866 1104:0.4124010503292084 5341:0.4096948802471161 5467:0.4081542193889618 4852:0.40775537490844727 5036:0.4073511064052582 4701:0.40519675612449646 1893:0.4046304523944855 5342:0.40298885107040405 5789:0.3993387222290039 1177:0.39898771047592163 5843:0.39794737100601196 1663:0.39767035841941833 5135:0.3975186347961426 1029:0.39727893471717834 4918:0.3968798816204071 5255:0.39672473073005676 1303:0.3965250253677368 5797:0.39643263816833496 1316:0.394729882478714 5939:0.39237460494041443 5325:0.3903675675392151 1478:0.3901824653148651 5039:0.3876906931400299 5320:0.387118935585022 1859:0.3863045871257782 5282:0.3859243094921112 5032:0.38519561290740967 1872:0.3848492205142975 1186:0.38470450043678284 5978:0.3846505284309387 468:0.38289859890937805 1580:0.3816074728965759 5925:0.38060030341148376 1412:0.38014504313468933 1121:0.37692198157310486 5127:0.3739717900753021 5490:0.373821884393692 1768:0.3735487759113312 1465:0.3726342022418976 5345:0.37232252955436707 1165:0.3713326156139374 1922:0.3707025349140167 5937:0.3697962164878845 5190:0.3696807622909546 4864:0.36939793825149536 1369:0.3692046105861664 5339:0.3682466149330139 1808:0.3680352568626404 5314:0.3671708405017853 5922:0.3662583827972412 4766:0.36555036902427673 5798:0.36530113220214844 4839:0.36521443724632263 5472:0.3645821213722229 1618:0.3638775944709778 5743:0.36353468894958496 5502:0.3628130555152893 1667:0.3624120056629181 1873:0.3608355224132538 1807:0.360250324010849 1080:0.35997524857521057 1288:0.3593894839286804 6080:0.3592415153980255 5324:0.35880425572395325 5008:0.35871195793151855 1443:0.35792824625968933 1763:0.3569067120552063
10,5435:0.19767770171165466 4579:0.19698776304721832 5597:0.19334861636161804 4264:0.1926252841949463 4199:0.19112855195999146 3818:0.18970850110054016 4265:0.18850186467170715 5591:0.18614505231380463 3373:0.18595246970653534 5599:0.18592041730880737 5434:0.18360011279582977 4319:0.1820847988128662 4034:0.18208317458629608 3826:0.18145751953125 4591:0.18132884800434113 4030:0.18095597624778748 968:0.1798178255558014 3308:0.17879201471805573 4166:0.17741288244724274 4057:0.17639650404453278 3977:0.17579516768455505 3776:0.17532119154930115 4213:0.17522849142551422 4237:0.17482295632362366 3765:0.17461976408958435 4056:0.1745857447385788 3283:0.17415551841259003 4351:0.1739916354417801 4560:0.17374420166015625 5596:0.17358027398586273 4507:0.17340779304504395 4239:0.1730518937110901 4580:0.17230138182640076 3885:0.1721036732196808 3374:0.1716541349887848 3825:0.17146851122379303 5589:0.17085416615009308 4597:0.17079518735408783 3438:0.1706969290971756 5731:0.16986507177352905 4602:0.16984765231609344 3954:0.16946548223495483 4599:0.16891372203826904 3978:0.16867341101169586 4318:0.16826015710830688 3817:0.16806907951831818 3233:0.16790394484996796 5578:0.16703061759471893 4389:0.16695144772529602 4332:0.16688847541809082 4198:0.1667717546224594 4388:0.16628126800060272 3764:0.16626891493797302 5580:0.16613291203975677 3437:0.16607238352298737 3888:0.16506484150886536 3309:0.16464519500732422 3435:0.1644616723060608 4448:0.16423039138317108 4338:0.16410040855407715 210:0.16402624547481537 3372:0.16364766657352448 3465:0.16351298987865448 3311:0.16343162953853607 3816:0.1634286344051361 3777:0.16240817308425903 5593:0.1621599793434143 4339:0.162098228931427 3314:0.16183023154735565 5588:0.16163991391658783 4387:0.1613679677248001 3886:0.16102154552936554 5594:0.16080784797668457 5598:0.16077017784118652 3953:0.16072691977024078 3393:0.16013215482234955 4165:0.16010820865631104 4047:0.15988567471504211 5433:0.15986451506614685 3775:0.15960527956485748 4029:0.15955115854740143 3756:0.15923456847667694 4506:0.15914569795131683 4317:0.15868330001831055 4578:0.15867206454277039 4214:0.1586051881313324 4359:0.15859052538871765 4333:0.1585375964641571 3555:0.1584552824497223 4394:0.15812815725803375 4154:0.15778620541095734 3258:0.15774039924144745 3820:0.15768730640411377 4055:0.15756388008594513 5678:0.15729911625385284 3379:0.15670672059059143 3248:0.1562194675207138 4219:0.1561158448457718 4598:0.1560865193605423 5595:0.15603163838386536
11,5435:0.1919083297252655 4579:0.19115397334098816 3818:0.19098500907421112 4264:0.18980377912521362 5597:0.18834839761257172 4265:0.18723617494106293 4199:0.18640859425067902 3373:0.18258829414844513 5591:0.18228651583194733 5599:0.18164220452308655 5434:0.1801358461380005 3826:0.17876018583774567 4319:0.17837963998317719 4030:0.1782035231590271 4034:0.17807266116142273 968:0.17795392870903015 4591:0.17758390307426453 3308:0.17597895860671997 4166:0.17424561083316803 4057:0.17424406111240387 3977:0.1741650402545929 4213:0.17279869318008423 5596:0.17261822521686554 3776:0.17234079539775848 4351:0.1717790812253952 4237:0.1717492640018463 4056:0.17157883942127228 3765:0.1714014708995819 3283:0.17136432230472565 4239:0.17098142206668854 4507:0.17058037221431732 4560:0.17056360840797424 4580:0.17002131044864655 3374:0.16976767778396606 3885:0.16960404813289642 3825:0.1691477745771408 3438:0.16891415417194366 5589:0.1682681441307068 4597:0.1679266095161438 5731:0.1672753095626831 4602:0.16715438663959503 3954:0.16698838770389557 4599:0.1663695126771927 3978:0.1660218983888626 3817:0.16564203798770905 3233:0.16543610394001007 4318:0.16542236506938934 4198:0.16457761824131012 3437:0.16442707180976868 5578:0.16439580917358398 4389:0.16430790722370148 4332:0.16422323882579803 4388:0.16388733685016632 3764:0.16372442245483398 5580:0.16358701884746552 3888:0.16310663521289825 3309:0.16295404732227325 3435:0.16288338601589203 210:0.16257810592651367 4448:0.16207343339920044 3465:0.1620129495859146 4338:0.16194887459278107 4339:0.1619049310684204 3311:0.1615704596042633 3777:0.16151104867458344 5593:0.16138359904289246 3816:0.1613207310438156 3372:0.16117845475673676 5588:0.16024774312973022 3314:0.160200297832489 3393:0.15961898863315582 3756:0.15954412519931793 3886:0.1594058871269226 5594:0.15932722389698029 4387:0.15922842919826508 5433:0.15913845598697662 5598:0.15858067572116852 3953:0.15850290656089783 4165:0.15823499858379364 4029:0.1582295149564743 4359:0.15811064839363098 4047:0.1578989177942276 4506:0.15773926675319672 3555:0.15763695538043976 3775:0.15752039849758148 4317:0.15699829161167145 4394:0.15697422623634338 4214:0.1569463014602661 4578:0.15683262050151825 4333:0.15640464425086975 3820:0.15617571771144867 4154:0.1560787707567215 3258:0.15593716502189636 4055:0.15553629398345947 3379:0.15552164614200592 4598:0.1553378701210022 5678:0.1553095132112503 4622:0.15499891340732574 3380:0.15471310913562775 3554:0.1546505093574524
